"salmo","titulo","empieza"
"1","","Dichoso el hombre que no sigue el consejo de los malvados, n"
"2","","¿Por qué se amotinan las naciones, y los pueblos trazan plan"
"3","Un salmo de David, cuando huyó de su hijo Absalón.","¡Señor, cómo se han multiplicado mis enemigos! Muchos son lo"
"4","Al director musical; con instrumentos de cuerda. Salmo de David.","Respóndeme cuando te llamo, Dios de mi justicia. Dame alivio"
"5","Al director musical; con flautas. Salmo de David.","Escucha mis palabras, Señor; atiende a mi lamento."
"6","Al director musical; con instrumentos de cuerda, sobre la lira de ocho cuerdas. Salmo de David.","Señor, no me reprendas en tu enojo, ni me castigues en tu ir"
"7","Meditación de David, que le cantó al Señor, por las palabras de Cus, el benjamita.","Señor, Dios mío, en ti busco refugio. Sálvame de todos los q"
"8","Al director musical; sobre la música de Gat. Salmo de David.","Señor, Señor nuestro, ¡qué majestuoso es tu nombre en toda l"
"9","Al director musical. Sobre la melodía “La muerte del hijo”. Salmo de David.","Te daré gracias, Señor, de todo corazón; contaré todas tus m"
"10","","¿Por qué te mantienes alejado, Señor? ¿Por qué te escondes e"
"11","Al director musical. Salmo de David.","En el Señor busco refugio. ¿Cómo me dicen: “Huye a las monta"
"12","Al director musical; sobre la lira de ocho cuerdas. Salmo de David.","Sálvanos, Señor, porque ya no hay gente piadosa; los fieles "
"13","Al director musical. Salmo de David.","¿Hasta cuándo, Señor? ¿Me vas a olvidar para siempre? ¿Hasta"
"14","Al director musical. Salmo de David.","El necio ha dicho en su corazón: “No hay Dios”. Se han corro"
"15","Salmo de David.","Señor, ¿quién podrá habitar en tu santuario? ¿Quién podrá vi"
"16","Poema de David.","Cuídame, oh Dios, porque en ti busco refugio."
"17","Oración de David.","Escucha, Señor, mi causa justa; atiende a mi ruego. Presta a"
"18","Al director musical. De David, siervo del Señor. David dedicó al Señor la letra de esta canción el día que el Señor lo libró de todos sus enemigos y de las manos de Saúl. Dijo así:","¡Cuánto te amo, Señor, fuerza mía!"
"19","Al director musical. Salmo de David.","Los cielos declaran la gloria de Dios; el firmamento proclam"
"20","Al director musical. Salmo de David.","Que el Señor te responda en el día de la angustia; que el no"
"21","Al director musical. Salmo de David.","El rey se alegra en tu poder, Señor; ¡cuánto se regocija en "
"22","Al director musical. Sobre la melodía “La cierva de la mañana”. Salmo de David.","Dios mío, Dios mío, ¿por qué me has abandonado? ¿Por qué est"
"23","Salmo de David.","El Señor es mi pastor, nada me falta."
"24","Salmo de David.","Del Señor es la tierra y todo lo que hay en ella; el mundo y"
"25","Salmo de David.","A ti, Señor, elevo mi alma."
"26","Salmo de David.","Hazme justicia, Señor, porque he vivido con integridad. He c"
"27","Salmo de David.","El Señor es mi luz y mi salvación; ¿a quién le temeré? El Se"
"28","Salmo de David.","A ti clamo, Señor. Roca mía, no te niegues a escucharme; por"
"29","Salmo de David.","Ríndanle al Señor, seres celestiales, ríndanle al Señor la g"
"30","Salmo. Cántico para la dedicación del Templo. De David.","Te exaltaré, Señor, porque me rescataste, y no dejaste que m"
"31","Al director musical. Salmo de David.","En ti, Señor, busco refugio; jamás me dejes quedar en vergüe"
"32","Salmo de David. Poema didáctico.","Dichoso aquel a quien se le perdonan sus transgresiones, a q"
"33","","¡Alégrense en el Señor, justos! Es hermoso que los rectos lo"
"34","De David, cuando fingió estar loco ante Abimelec, quien lo expulsó y él se fue.","Bendeciré al Señor en todo momento; mis labios siempre lo al"
"35","Salmo de David.","Pelea, Señor, contra los que me atacan; combate a los que co"
"36","Al director musical. De David, siervo del Señor.","La maldad le habla al corazón del malvado; no hay temor de D"
"37","Salmo de David.","No te irrites a causa de los malvados, ni envidies a los que"
"38","Salmo de David. Para recordar.","Señor, no me reprendas en tu enojo, ni me castigues en tu ar"
"39","Al director musical. Sobre Jedutún. Salmo de David.","Me dije: “Cuidaré mi conducta para no pecar con la lengua; l"
"40","Al director musical. Salmo de David.","Puse en el Señor toda mi esperanza; él se inclinó hacia mí y"
"41","Al director musical. Salmo de David.","Dichoso el que piensa en el desvalido; El Señor lo librará e"
"42","Al director musical. Poema didáctico de los hijos de Coré.","Como el ciervo anhela las corrientes de agua, así te anhela "
"43","","Hazme justicia, oh Dios, y defiende mi causa contra una naci"
"44","Al director musical. Poema didáctico de los hijos de Coré.","Oh Dios, con nuestros propios oídos lo hemos escuchado; nues"
"45","Al director musical. Sobre la melodía de “Los Lirios”. Poema didáctico de los hijos de Coré. Cántico nupcial.","Mi corazón rebosa de un hermoso poema; recito mis versos par"
"46","Al director musical. De los hijos de Coré. Sobre Alamot. Cántico.","Dios es nuestro refugio y nuestra fuerza, nuestra ayuda siem"
"47","Al director musical. Salmo de los hijos de Coré.","¡Aplaudan, pueblos todos! ¡Aclamen a Dios con gritos de aleg"
"48","Cántico. Salmo de los hijos de Coré.","Grande es el Señor, y digno de toda alabanza, en la ciudad d"
"49","Al director musical. Salmo de los hijos de Coré.","¡Oigan esto, pueblos todos! ¡Escuchen, todos los habitantes "
"50","Salmo de Asaf.","El Dios de dioses, Señor, ha hablado; convoca a la tierra, d"
"51","Para el director musical. Salmo de David, cuando el profeta Natán fue a verlo, después de que David estuvo con Betsabé.","Ten compasión de mí, oh Dios, por tu gran amor. Por tu inmen"
"52","Para el director musical. Un poema de David, cuando Doeg el edomita fue y le dijo a Saúl: “David ha ido a la casa de Ahimelec”.","¿Por qué te jactas de hacer el mal, hombre poderoso? El gran"
"53","Para el director musical. Según la melodía de “Mahalat”. Un poema de David.","El necio dice en su corazón: “No hay Dios”. Se han corrompid"
"54","Para el director musical. Con instrumentos de cuerda. Un poema de David, cuando los zifeos fueron a decirle a Saúl: “¿No se esconde David entre nosotros?”","Sálvame, oh Dios, por tu nombre; defiéndeme con tu poder."
"55","Para el director musical. Con instrumentos de cuerda. Un poema de David.","Escucha mi oración, oh Dios. No ignores mi súplica."
"56","Para el director musical. Con la melodía de “La paloma silenciosa en tierras lejanas”. Un poema de David, cuando los filisteos lo capturaron en Gat.","Ten compasión de mí, oh Dios, porque me quieren devorar. Tod"
"57","Para el director musical. Con la melodía de “No destruyas”. Un poema de David, cuando huyó de Saúl y se escondió en la cueva.","Ten compasión de mí, oh Dios, ten compasión, porque en ti bu"
"58","Para el director musical. Con la melodía de “No destruyas”. Un poema de David.","¿Acaso ustedes, gobernantes, hablan con justicia? ¿Juzgan co"
"59","Para el director musical. Con la melodía de “No destruyas”. Un poema de David, cuando Saúl mandó vigilar la casa para matarlo.","Líbrame de mis enemigos, Dios mío. Ponme a salvo de los que "
"60","Para el director musical. Con la melodía de “El lirio del pacto”. Un poema de David para enseñar, cuando luchó contra Aram Najarayin y Aram Soba, y Joab regresó y mató a doce mil edomitas en el valle de la Sal.","Oh Dios, tú nos has rechazado. Nos has destrozado. Te has en"
"61","Para el director musical. Con instrumentos de cuerda. Un salmo de David.","Escucha, oh Dios, mi clamor. Presta atención a mi oración."
"62","Para el director musical. A Jedutún. Un salmo de David.","Solo en Dios halla descanso mi alma; de él viene mi salvació"
"63","Un salmo de David, cuando estaba en el desierto de Judá.","Oh Dios, tú eres mi Dios. Te busco con anhelo. Mi alma tiene"
"64","Para el director musical. Un salmo de David.","Escucha, oh Dios, mi voz cuando me quejo; protege mi vida de"
"65","Para el director musical. Un salmo de David. Un cántico.","La alabanza te espera en Sión, oh Dios. A ti te cumpliremos "
"66","Para el director musical. Un cántico. Un salmo.","¡Aclamen a Dios con alegría, habitantes de toda la tierra!"
"67","Para el director musical. Con instrumentos de cuerda. Un salmo. Un cántico.","Que Dios nos tenga compasión y nos bendiga, y que haga brill"
"68","Para el director musical. Un salmo de David. Un cántico.","¡Que se levante Dios! ¡Que se dispersen sus enemigos! Que lo"
"69","Para el director musical. Con la melodía de “Lirios”. Un salmo de David.","Sálvame, oh Dios, ¡porque las aguas me llegan hasta el cuell"
"70","Para el director musical. Un salmo de David. Para recordar.","Oh Dios, apresúrate a librarme. Ven pronto en mi ayuda, Seño"
"71","","En ti, Señor, busco refugio. Que nunca sea yo avergonzado."
"72","De Salomón.","Oh Dios, otórgale tu justicia al rey, y tu rectitud al hijo "
"73","Un salmo de Asaf.","Ciertamente Dios es bueno con Israel, con los que son puros "
"74","Un poema de Asaf.","Oh Dios, ¿por qué nos has rechazado para siempre? ¿Por qué a"
"75","Para el director musical. Con la melodía de “No destruyas”. Un salmo de Asaf. Un cántico.","Te damos gracias, oh Dios, te damos gracias, porque tu Nombr"
"76","Para el director musical. Con instrumentos de cuerda. Un salmo de Asaf. Un cántico.","Dios es conocido en Judá; su nombre es grande en Israel."
"77","Para el director musical. A Jedutún. Un salmo de Asaf.","Con mi voz clamo a Dios; a Dios clamo para que me escuche."
"78","Un poema de Asaf.","Escucha mi enseñanza, pueblo mío; presta oído a las palabras"
"79","Un salmo de Asaf.","Oh Dios, las naciones han invadido tu herencia. Han profanad"
"80","Para el director musical. Con la melodía de “Los lirios del pacto”. Un salmo de Asaf.","Escúchanos, Pastor de Israel, tú que guías a José como a un "
"81","Para el director musical. Con la melodía de Gitit. Un salmo de Asaf.","¡Canten con gozo a Dios, nuestra fortaleza! ¡Aclamen con ale"
"82","Un salmo de Asaf.","Dios ocupa su lugar en la asamblea divina; en medio de los d"
"83","Un cántico. Un salmo de Asaf.","Oh Dios, no guardes silencio; no te quedes callado ni inacti"
"84","Para el director musical. Con la melodía de Gitit. Un salmo de los descendientes de Coré.","¡Qué hermosas son tus moradas, el Señor de los Ejércitos!"
"85","Para el director musical. Un salmo de los descendientes de Coré.","Señor, has sido bueno con tu tierra; has restaurado el biene"
"86","Una oración de David.","Presta oído, Señor, y respóndeme, porque soy pobre y estoy n"
"87","Un salmo de los descendientes de Coré. Un cántico.","Su cimiento está en los montes santos."
"88","Un cántico. Un salmo de los descendientes de Coré. Para el director musical. Con la melodía de “El sufrimiento de la aflicción”. Un poema de Hemán el ezraíta.","Oh Señor, Dios de mi salvación, día y noche clamo delante de"
"89","Un poema de Etán el ezraíta.","Cantaré por siempre del gran amor del Señor; con mi boca dar"
"90","Una oración de Moisés, hombre de Dios.","Señor, tú has sido nuestro hogar de generación en generación"
"91","","El que habita al abrigo del Altísimo descansará a la sombra "
"92","Un salmo. Un cántico para el día de descanso.","Qué bueno es darte gracias, Señor, y cantarle alabanzas a tu"
"93","","¡El Señor reina! Está revestido de majestad; El Señor se ha "
"94","","Señor, Dios que hace justicia, Dios de las venganzas, ¡manif"
"95","","¡Vengan, cantemos con alegría al Señor! ¡Aclamemos a la roca"
"96","","¡Canten al Señor una canción nueva! ¡Canten al Señor, habita"
"97","","¡El Señor reina! ¡Que se alegre la tierra! ¡Que se regocije "
"98","Un salmo.","Canten al Señor una canción nueva, porque ha hecho maravilla"
"99","","¡El Señor reina! ¡Que tiemblen las naciones! Él está entroni"
"100","Un salmo de acción de gracias.","¡Aclamen con alegría al Señor, habitantes de toda la tierra!"
"101","Un salmo de David.","Cantaré a tu amor inagotable y a tu justicia. A ti, Señor, t"
"102","Oración del afligido, cuando está agobiado y derrama su queja ante el Señor.","¡Escucha mi oración, Señor! Deja que mi clamor llegue a ti."
"103","Por David.","¡Alaba al Señor, alma mía! Que todo mi ser alabe su santo no"
"104","","Alaba al Señor, alma mía. Señor, mi Dios, eres verdaderament"
"105","","¡Den gracias al Señor! ¡Invoquen su nombre! Den a conocer su"
"106","","¡Alabado sea el Señor! Den gracias al Señor, porque él es bu"
"107","","¡Den gracias al Señor, porque él es bueno; su amor inagotabl"
"108","Una canción. Un Salmo de David.","Mi corazón está firme, oh Dios. Te cantaré y te haré música "
"109","Para el director musical. Un salmo de David.","Oh Dios de mi alabanza, no te quedes callado,"
"110","Un salmo de David.","El Señor le dice a mi Señor: “Siéntate a mi derecha, hasta q"
"111","","¡Alabado sea el Señor! Le daré gracias al Señor con todo mi "
"112","","¡Alabado sea el Señor! Qué dichoso es el hombre que teme al "
"113","","¡Alabado sea el Señor! Alaben, siervos del Señor, alaben el "
"114","","Cuando Israel salió de Egipto, la familia de Jacob de un pue"
"115","","No a nosotros, Señor, no a nosotros, sino a tu nombre dale l"
"116","","Amo al Señor, porque él escucha mi voz y mis ruegos."
"117","","¡Alaben al Señor, todas las naciones! ¡Exáltenlo, todos los "
"118","","Den gracias al Señor, porque él es bueno, porque su amor ina"
"119","","Felices los que van por caminos intachables, los que viven s"
"120","Canción de los peregrinos.","En mi angustia clamé al Señor, y él me respondió."
"121","Canción de los peregrinos.","Levanto mis ojos a las montañas; ¿de dónde vendrá mi ayuda?"
"122","Canción de los peregrinos. De David.","Me alegré mucho cuando me dijeron: “¡Vamos a la casa del Señ"
"123","Canción de los peregrinos.","A ti levanto mis ojos, a ti, que tienes tu trono en los ciel"
"124","Canción de los peregrinos. De David.","Si el Señor no hubiera estado de nuestra parte —que lo diga "
"125","Canción de los peregrinos.","Los que confían en el Señor son como el monte Sión, que no s"
"126","Canción de los peregrinos.","Cuando el Señor restauró a los cautivos de Sión, nos parecía"
"127","Canción de los peregrinos. De Salomón.","Si el Señor no construye la casa, de nada sirve que trabajen"
"128","Canción de los peregrinos.","Dichoso todo el que teme al Señor, el que anda en sus camino"
"129","Canción de los peregrinos.","Mucho me han afligido desde mi juventud —que lo diga ahora I"
"130","Cántico gradual.","De lo profundo, oh Señor, a ti clamo."
"131","Canción de los peregrinos. De David.","Señor, mi corazón no es orgulloso, ni mis ojos son altaneros"
"132","Canción de los peregrinos.","Señor, recuerda a David y todos sus sufrimientos;"
"133","Canción de los peregrinos. De David.","¡Miren qué bueno y qué agradable es que los hermanos vivan j"
"134","Canción de los peregrinos.","¡Miren! Alaben al Señor, todos ustedes, siervos del Señor, l"
"135","","¡Alabado sea el Señor! ¡Alaben el nombre del Señor! ¡Alábenl"
"136","","Den gracias al Señor, porque él es bueno, porque su amor ina"
"137","","Junto a los ríos de Babilonia nos sentábamos, y llorábamos a"
"138","De David.","Te daré gracias con todo mi corazón; delante de los dioses t"
"139","Al director musical. Salmo de David.","Señor, tú me has examinado y me conoces."
"140","Al músico principal. Salmo de David.","Líbrame, oh Señor, del hombre malo; guárdame de hombres viol"
"141","Salmo de David.","Señor, a ti te llamo; ¡ven pronto a ayudarme! Escucha mi voz"
"142","Poema de David. Oración que hizo cuando estaba en la cueva.","Clamo al Señor con todas mis fuerzas; al Señor le pido compa"
"143","Salmo de David.","Señor, escucha mi oración. Presta atención a mis ruegos. Por"
"144","De David.","Bendito sea el Señor, mi roca, que entrena mis manos para la"
"145","Salmo de alabanza de David.","Te exaltaré, mi Dios y Rey. Alabaré tu nombre por siempre y "
"146","","¡Alabado sea el Señor! ¡Alaba, alma mía, al Señor!"
"147","","¡Alabado sea el Señor! Qué bueno es cantarle alabanzas a nue"
"148","","¡Alabado sea el Señor! ¡Alaben al Señor desde los cielos! ¡A"
"149","","¡Alabado sea el Señor! Cántenle al Señor una canción nueva; "
"150","","¡Alabado sea el Señor! ¡Alaben a Dios en su santuario! ¡Aláb"
